ingredient_type,ingredient,moisture,ash_fm,cp_fm,adf_fm,ee_fm,true fat_fm,ndf_fm,me_fm,nel_fm,nem_fm,neg_fm,ms,ash,cp,adf,ee,true_fat,ndf,me,nel,nem,neg,de,eb,a
feed,broken_rice,12.80,1.00,7.50,,1.00,0.85,2.50,2875.00,1870.00,1990.00,1385.00,87.20,1.15,8.60,0.00,1.15,0.97,2.87,3297.02,2144.50,2282.11,1588.30,,4282.78,No encontrado
feed,oats,9.50,2.80,9.90,,4.90,4.41,30.90,2490.00,1585.00,1700.00,1120.00,90.50,3.09,10.94,0.00,5.41,4.87,34.14,2751.38,1751.38,1878.45,1237.57,75.50,4471.16,oats
feed,oats_decorticated,11.50,2.80,14.00,,6.90,6.21,10.20,2920.00,1900.00,2020.00,1410.00,88.50,3.16,15.82,0.00,7.80,7.02,11.53,3299.44,2146.89,2282.49,1593.22,,4674.69,No encontrado
feed,barley_2_rows_national_11_3_cp,10.10,2.20,11.30,,1.70,1.19,18.10,2710.00,1740.00,1860.00,1260.00,89.90,2.45,12.57,0.00,1.89,1.32,20.13,3014.46,1935.48,2068.97,1401.56,80.70,4326.76,barley_2_rows_national_11_3_cp
feed,barley_2_rows_national_9_6_cp,11.10,2.20,9.60,,1.70,1.19,18.10,2700.00,1740.00,1860.00,1260.00,88.90,2.47,10.80,0.00,1.91,1.34,20.36,3037.12,1957.26,2092.24,1417.32,,4300.18,No encontrado
feed,rye_national,10.60,1.60,9.40,,1.30,0.91,13.60,2800.00,1805.00,1930.00,1320.00,89.40,1.79,10.51,0.00,1.45,1.02,15.21,3131.99,2019.02,2158.84,1476.51,,4300.40,No encontrado
feed,rye_german,12.50,1.80,10.10,,1.80,1.26,11.20,2740.00,1770.00,1890.00,1290.00,87.50,2.06,11.54,0.00,2.06,1.44,12.80,3131.43,2022.86,2160.00,1474.29,,4337.83,No encontrado
feed,corn_national,13.60,1.10,7.30,,3.30,2.97,9.00,2840.00,1850.00,1965.00,1365.00,86.40,1.27,8.45,0.00,3.82,3.44,10.42,3287.04,2141.20,2274.31,1579.86,86.10,4424.61,corn_national
feed,high_oil_corn_grain,13.80,1.30,8.40,,6.40,6.08,8.80,2950.00,1930.00,2045.00,1440.00,86.20,1.51,9.74,0.00,7.42,7.05,10.21,3422.27,2238.98,2372.39,1670.53,,4635.59,No encontrado
feed,white_sorghum_grain,13.00,1.30,8.90,,3.00,2.70,8.80,2770.00,1800.00,1915.00,1320.00,87.00,1.49,10.23,0.00,3.45,3.10,10.11,3183.91,2068.97,2201.15,1517.24,,4420.80,No encontrado
feed,wheat_soft_national_12_9_cp,10.30,1.80,12.90,,1.40,0.98,10.80,2850.00,1870.00,1965.00,1350.00,89.70,2.01,14.38,0.00,1.56,1.09,12.04,3177.26,2084.73,2190.64,1505.02,85.70,4354.83,wheat_soft_national_12_9_cp
feed,wheat_soft_national_11_2_cp,10.90,1.60,11.20,,1.40,0.98,10.60,2800.00,1810.00,1930.00,1320.00,89.10,1.80,12.57,0.00,1.57,1.10,11.90,3142.54,2031.43,2166.11,1481.48,,4337.53,No encontrado
feed,wheat_soft_national_10_2_cp,11.50,1.50,10.20,,1.40,0.98,10.30,2785.00,1800.00,1920.00,1320.00,88.50,1.69,11.53,0.00,1.58,1.11,11.64,3146.89,2033.90,2169.49,1491.53,,4326.89,No encontrado
feed,wheat_soft_english,13.00,1.70,11.00,,1.60,1.12,9.30,2740.00,1780.00,1890.00,1300.00,87.00,1.95,12.64,0.00,1.84,1.29,10.69,3149.43,2045.98,2172.41,1494.25,,4346.67,No encontrado
feed,wheat_hard_national,10.00,1.60,13.80,,2.00,1.42,11.90,2800.00,1810.00,1930.00,1320.00,90.00,1.78,15.33,0.00,2.22,1.58,13.22,3111.11,2011.11,2144.44,1466.67,,4416.22,No encontrado
feed,triticale,10.50,1.70,10.70,,1.50,1.05,12.40,2795.00,1805.00,1925.00,1315.00,89.50,1.90,11.96,0.00,1.68,1.17,13.85,3122.91,2016.76,2150.84,1469.27,,4329.61,No encontrado
feed,rice_cooked,12.80,1.00,7.50,,1.00,0.85,2.50,3010.00,1970.00,2090.00,1475.00,87.20,1.15,8.60,0.00,1.15,0.97,2.87,3451.83,2259.17,2396.79,1691.51,,4282.78,No encontrado
feed,corn_heat_processed_national,13.80,1.10,7.30,,3.30,2.97,8.80,3000.00,1965.00,2085.00,1475.00,86.20,1.28,8.47,0.00,3.83,3.45,10.21,3480.28,2279.58,2418.79,1711.14,86.80,4425.27,corn_heat_processed_national
feed,white_sorghum_heat_processed,13.00,1.30,8.90,,3.00,2.70,8.80,2900.00,1890.00,2010.00,1410.00,87.00,1.49,10.23,0.00,3.45,3.10,10.11,3333.33,2172.41,2310.34,1620.69,,4420.80,No encontrado
feed,rice_bran_14_ee,10.30,8.30,13.80,,13.90,11.95,18.00,2650.00,1700.00,1820.00,1225.00,89.70,9.25,15.38,0.00,15.50,13.33,20.07,2954.29,1895.21,2028.99,1365.66,,4831.42,No encontrado
feed,rice_bran_high_fat_17_ee,10.20,8.60,13.60,,17.10,14.71,20.60,2680.00,1725.00,1845.00,1240.00,89.80,9.58,15.14,0.00,19.04,16.38,22.94,2984.41,1920.94,2054.57,1380.85,,5012.16,No encontrado
feed,rice_bran_defatted,9.90,11.60,14.80,,3.20,2.24,27.50,2310.00,1460.00,1570.00,1015.00,90.10,12.87,16.43,0.00,3.55,2.49,30.52,2563.82,1620.42,1742.51,1126.53,,4018.80,No encontrado
feed,barley_ddgs,8.10,5.00,24.90,,5.60,3.92,34.00,2510.00,1600.00,1715.00,1125.00,91.90,5.44,27.09,0.00,6.09,4.27,37.00,2731.23,1741.02,1866.16,1224.16,51.70,4648.27,barley_ddgs
feed,corn_ddgs_7_5_ee_6_8_starch,11.50,4.60,27.50,,7.50,5.85,33.20,2820.00,1825.00,1945.00,1340.00,88.50,5.20,31.07,0.00,8.47,6.61,37.51,3186.44,2062.15,2197.74,1514.12,,4851.98,No encontrado
feed,corn_ddgs_12_5_ee_3_5_starch,9.70,4.50,28.00,,12.50,9.75,32.30,3045.00,1985.00,2110.00,1480.00,90.30,4.98,31.01,0.00,13.84,10.80,35.77,3372.09,2198.23,2336.66,1638.98,83.50,5161.04,corn_ddgs_12_5_ee_3_5_starch
feed,corn_ddgs_12_5_ee_6_8_starch,9.60,4.00,27.40,,12.50,9.75,30.10,3070.00,2005.00,2130.00,1500.00,90.40,4.42,30.31,0.00,13.83,10.79,33.30,3396.02,2217.92,2356.19,1659.29,,5174.29,No encontrado
feed,sorghum_ddgs,9.40,4.70,30.20,,9.40,7.05,27.00,2720.00,1750.00,1870.00,1265.00,90.60,5.19,33.33,0.00,10.38,7.78,29.80,3002.21,1931.57,2064.02,1396.25,,4992.76,No encontrado
feed,wheat_ddgs,8.80,4.40,33.60,,4.80,3.36,29.00,2600.00,1660.00,1780.00,1185.00,91.20,4.82,36.84,0.00,5.26,3.68,31.80,2850.88,1820.18,1951.75,1299.34,,4775.09,No encontrado
feed,brewers_grains,8.50,3.60,24.30,,7.20,3.24,48.90,2700.00,1730.00,1850.00,1250.00,91.50,3.93,26.56,0.00,7.87,3.54,53.44,2950.82,1890.71,2021.86,1366.12,63.20,4805.90,brewers_grains
feed,corn_flour_6_ee,13.70,1.90,8.30,,6.00,4.80,16.50,2940.00,1920.00,2040.00,1435.00,86.30,2.20,9.62,0.00,6.95,5.56,19.12,3406.72,2224.80,2363.85,1662.80,,4576.73,No encontrado
feed,corn_gluten_feed_19_cp,11.20,6.90,19.00,,2.30,1.79,31.70,2695.00,1730.00,1850.00,1255.00,88.80,7.77,21.40,0.00,2.59,2.02,35.70,3034.91,1948.20,2083.33,1413.29,80.40,4264.10,corn_gluten_feed_19_cp
feed,corn_gluten_feed_20_5_cp,11.50,6.50,20.50,,2.60,2.03,31.60,2710.00,1745.00,1860.00,1270.00,88.50,7.34,23.16,0.00,2.94,2.29,35.71,3062.15,1971.75,2101.69,1435.03,80.40,4328.81,corn_gluten_feed_20_5_cp
feed,corn_gluten_meal_60,10.40,1.70,60.00,,2.70,2.16,6.10,3075.00,2010.00,2135.00,1505.00,89.60,1.90,66.96,0.00,3.01,2.41,6.81,3431.92,2243.30,2382.81,1679.69,,5229.73,No encontrado
feed,wheat_bran_15_starch,12.60,5.40,15.40,,3.30,2.38,40.30,2380.00,1510.00,1620.00,1065.00,87.40,6.18,17.62,0.00,3.78,2.72,46.11,2723.11,1727.69,1853.55,1218.54,,4343.89,No encontrado
feed,wheat_bran_20_starch,12.40,4.90,15.00,,3.40,2.45,37.10,2425.00,1540.00,1655.00,1095.00,87.60,5.59,17.12,0.00,3.88,2.79,42.35,2768.26,1757.99,1889.27,1250.00,71.40,4368.08,wheat_bran_20_starch
feed,wheat_middlings_25_starch,12.10,4.50,14.30,,3.50,2.52,33.90,2480.00,1580.00,1695.00,1125.00,87.90,5.12,16.27,0.00,3.98,2.87,38.57,2821.39,1797.50,1928.33,1279.86,71.90,4381.75,wheat_middlings_25_starch
feed,wheat_flour_30_starch,11.80,3.90,14.70,,3.50,2.52,29.20,2540.00,1625.00,1740.00,1160.00,88.20,4.42,16.67,0.00,3.97,2.86,33.11,2879.82,1842.40,1972.79,1315.19,,4417.66,No encontrado
feed,bakery_byproduct_2_5_ash,9.20,2.50,10.40,,9.50,9.31,7.50,3320.00,2190.00,2320.00,1670.00,90.80,2.75,11.45,0.00,10.46,10.25,8.26,3656.39,2411.89,2555.07,1839.21,,4776.56,No encontrado
feed,bakery_byproduct_6_ash,10.40,6.00,10.70,,7.60,7.45,12.00,3075.00,2010.00,2135.00,1500.00,89.60,6.70,11.94,0.00,8.48,8.31,13.39,3431.92,2243.30,2382.81,1674.11,,4499.49,No encontrado
feed,bread_byproduct,7.90,2.60,13.00,,2.70,2.62,7.90,3000.00,1950.00,2075.00,1440.00,92.10,2.82,14.12,0.00,2.93,2.84,8.58,3257.33,2117.26,2252.99,1563.52,,4391.68,No encontrado
feed,malt_rootlets_barley_sprouts,9.50,6.50,19.10,,1.50,0.90,40.20,2540.00,1620.00,1735.00,1150.00,90.50,7.18,21.10,0.00,1.66,0.99,44.42,2806.63,1790.06,1917.13,1270.72,,4233.37,No encontrado
feed,whole_acorn,37.50,1.60,2.60,,4.80,4.32,18.60,1715.00,1090.00,1170.00,770.00,62.50,2.56,4.16,0.00,7.68,6.91,29.76,2744.00,1744.00,1872.00,1232.00,,4519.84,No encontrado
feed,acorn_decorticated,42.80,1.20,3.20,,5.30,4.77,7.50,1900.00,1240.00,1315.00,920.00,57.20,2.10,5.59,0.00,9.27,8.34,13.11,3321.68,2167.83,2298.95,1608.39,,4650.49,No encontrado
feed,tapioca_62_5,11.60,6.10,2.40,,0.50,0.20,10.50,2500.00,1620.00,1710.00,1135.00,88.40,6.90,2.71,0.00,0.57,0.23,11.88,2828.05,1832.58,1934.39,1283.94,,3908.78,No encontrado
feed,tapioca_65,11.80,5.50,2.40,,0.50,0.20,8.50,2520.00,1610.00,1725.00,1150.00,88.20,6.24,2.72,0.00,0.57,0.23,9.64,2857.14,1825.40,1955.78,1303.85,,3938.19,No encontrado
feed,tapioca_70,11.00,4.50,2.50,,0.50,0.20,6.50,2600.00,1665.00,1780.00,1190.00,89.00,5.06,2.81,0.00,0.56,0.22,7.30,2921.35,1870.79,2000.00,1337.08,,3991.12,No encontrado
feed,molasses_sugarcane,27.40,9.40,4.30,,0.10,0.02,0.00,1980.00,1260.00,1350.00,890.00,72.60,12.95,5.92,0.00,0.14,0.03,0.00,2727.27,1735.54,1859.50,1225.90,76.60,3666.86,molasses_sugarcane
feed,molasses_beet,28.20,8.70,9.10,,0.10,0.02,0.00,1880.00,1190.00,1280.00,830.00,71.80,12.12,12.67,0.00,0.14,0.03,0.00,2618.38,1657.38,1782.73,1155.99,85.90,3804.76,molasses_beet
feed,vinasses_beet,47.00,17.60,17.90,,0.30,0.06,0.00,1025.00,630.00,685.00,410.00,53.00,33.21,33.77,0.00,0.57,0.11,0.00,1933.96,1188.68,1292.45,773.58,,3217.17,No encontrado
feed,potato_dehydrated,11.00,5.80,8.90,,0.50,0.40,7.00,2520.00,1610.00,1725.00,1145.00,89.00,6.52,10.00,0.00,0.56,0.45,7.87,2831.46,1808.99,1938.20,1286.52,,4034.72,No encontrado
feed,sweet_potato_dehydrated,12.00,2.80,3.30,,0.70,0.49,8.80,2640.00,1695.00,1815.00,1225.00,88.00,3.18,3.75,0.00,0.80,0.56,10.00,3000.00,1926.14,2062.50,1392.05,,4100.80,No encontrado
feed,cotton_seed_whole,9.10,3.70,20.80,,17.80,16.90,39.80,2910.00,1885.00,2000.00,1385.00,90.90,4.07,22.88,0.00,19.58,18.59,43.78,3201.32,2073.71,2200.22,1523.65,64.00,5400.73,cotton_seed_whole
feed,cotton_seed_meal_38_cp,10.00,6.00,38.70,,1.60,1.06,31.10,2170.00,1360.00,1465.00,935.00,90.00,6.67,43.00,0.00,1.78,1.17,34.56,2411.11,1511.11,1627.78,1038.89,,4591.22,No encontrado
feed,lupin_australian,9.30,3.50,31.70,,4.90,4.17,25.10,2960.00,1920.00,2050.00,1420.00,90.70,3.86,34.95,0.00,5.40,4.59,27.67,3263.51,2116.87,2260.20,1565.60,89.00,4797.00,lupin_australian
feed,peanut_meal_48_cp,9.50,6.00,48.10,,1.50,0.98,13.30,2700.00,1730.00,1850.00,1250.00,90.50,6.63,53.15,0.00,1.66,1.08,14.70,2983.43,1911.60,2044.20,1381.22,,4738.34,No encontrado
feed,peanut_meal_52_cp,8.10,5.00,52.50,,1.35,0.88,12.40,2800.00,1800.00,1925.00,1305.00,91.90,5.44,57.13,0.00,1.47,0.95,13.49,3046.79,1958.65,2094.67,1420.02,,4839.78,No encontrado
feed,camelina_meal_national,8.80,5.90,37.00,,3.00,2.10,32.20,2450.00,1550.00,1670.00,1095.00,91.20,6.47,40.57,0.00,3.29,2.30,35.31,2686.40,1699.56,1831.14,1200.66,,4648.11,No encontrado
feed,camelina_meal_expeller,7.50,5.70,33.90,,13.60,10.88,25.10,2990.00,1940.00,2065.00,1430.00,92.50,6.16,36.65,0.00,14.70,11.76,27.14,3232.43,2097.30,2232.43,1545.95,,5241.95,No encontrado
feed,rapeseed_meal_00,8.80,4.00,19.00,,40.70,38.67,17.00,4315.00,2975.00,3100.00,2440.00,91.20,4.39,20.83,0.00,44.63,42.40,18.64,4731.36,3262.06,3399.12,2675.44,,6758.64,No encontrado
feed,rapeseed_meal_00_33_cp,11.60,6.90,33.00,,2.60,1.95,26.80,2270.00,1430.00,1540.00,1000.00,88.40,7.81,37.33,0.00,2.94,2.21,30.32,2567.87,1617.65,1742.08,1131.22,75.00,4521.22,rapeseed_meal_00_33_cp
feed,rapeseed_meal_00_36_cp,11.50,6.80,36.00,,2.20,1.65,25.10,2290.00,1445.00,1555.00,1010.00,88.50,7.68,40.68,0.00,2.49,1.86,28.36,2587.57,1632.77,1757.06,1141.24,,4551.30,No encontrado
feed,rapeseed_meal_00_expeller_7_3_ee,10.80,7.00,31.20,,7.30,6.57,26.90,2540.00,1620.00,1740.00,1160.00,89.20,7.85,34.98,0.00,8.18,7.37,30.16,2847.53,1816.14,1950.67,1300.45,,4777.67,No encontrado
feed,rapeseed_meal_00_expeller_12_7_ee,8.40,6.40,29.70,,12.70,10.16,26.30,2860.00,1850.00,1970.00,1350.00,91.60,6.99,32.42,0.00,13.86,11.09,28.71,3122.27,2019.65,2150.66,1473.80,,5095.35,No encontrado
feed,coprah_meal,9.10,5.80,20.80,,7.60,5.70,46.60,2670.00,1710.00,1830.00,1230.00,90.90,6.38,22.88,0.00,8.36,6.27,51.27,2937.29,1881.19,2013.20,1353.14,,4670.69,No encontrado
feed,coprah_expeller,9.00,6.30,21.40,,2.50,1.63,49.70,2390.00,1510.00,1625.00,1060.00,91.00,6.92,23.52,0.00,2.75,1.79,54.62,2626.37,1659.34,1785.71,1164.84,,4341.98,No encontrado
feed,sunflower_seed,4.40,3.20,16.40,,41.70,39.62,26.20,4350.00,2980.00,3110.00,2415.00,95.60,3.35,17.15,0.00,43.62,41.44,27.41,4550.21,3117.15,3253.14,2526.15,71.10,6692.72,sunflower_seed
feed,sunflower_seed_high_oileic,6.10,3.50,16.90,,41.10,39.05,26.10,4185.00,2850.00,2985.00,2300.00,93.90,3.73,18.00,0.00,43.77,41.58,27.80,4456.87,3035.14,3178.91,2449.41,,6697.08,No encontrado
feed,sunflower_meal_28_cp,10.60,6.00,28.00,,1.30,0.91,39.00,1965.00,1220.00,1325.00,820.00,89.40,6.71,31.32,0.00,1.45,1.02,43.62,2197.99,1364.65,1482.10,917.23,61.10,4395.93,sunflower_meal_28_cp
feed,sunflower_meal_32_cp,10.10,6.20,32.00,,1.20,0.84,35.20,2060.00,1285.00,1390.00,875.00,89.90,6.90,35.60,0.00,1.33,0.93,39.15,2291.43,1429.37,1546.16,973.30,61.10,4445.23,sunflower_meal_32_cp
feed,sunflower_meal_36_cp,9.60,6.40,36.00,,1.10,0.77,31.40,2165.00,1355.00,1465.00,930.00,90.40,7.08,39.82,0.00,1.22,0.85,34.73,2394.91,1498.89,1620.58,1028.76,,4493.98,No encontrado
feed,sunflower_meal_expeller_31_cp,5.50,7.00,31.00,,9.10,6.37,34.90,2650.00,1685.00,1810.00,1200.00,94.50,7.41,32.80,0.00,9.63,6.74,36.93,2804.23,1783.07,1915.34,1269.84,,4845.40,No encontrado
feed,sunflower_meal_expeller_34_cp,5.20,7.00,34.00,,8.50,5.95,32.70,2690.00,1715.00,1840.00,1225.00,94.80,7.38,35.86,0.00,8.97,6.28,34.49,2837.55,1809.07,1940.93,1292.19,61.10,4855.19,sunflower_meal_expeller_34_cp
feed,field_pea_spring,10.70,2.80,21.50,,1.00,0.80,12.10,2810.00,1820.00,1940.00,1330.00,89.30,3.14,24.08,0.00,1.12,0.90,13.55,3146.70,2038.07,2172.45,1489.36,,4425.89,No encontrado
feed,field_pea_heat_processed,11.90,2.80,20.60,,1.40,1.12,12.10,2885.00,1875.00,2000.00,1390.00,88.10,3.18,23.38,0.00,1.59,1.27,13.73,3274.69,2128.26,2270.15,1577.75,90.30,4439.89,field_pea_heat_processed
feed,horse_bean_white_flower_variety,11.70,2.90,26.50,,1.50,1.13,13.30,2780.00,1795.00,1920.00,1315.00,88.30,3.28,30.01,0.00,1.70,1.27,15.06,3148.36,2032.84,2174.41,1489.24,89.80,4540.79,horse_bean_white_flower_variety
feed,horse_bean_white_flower_variety_dehulled,11.30,3.00,30.00,,1.60,1.20,7.50,2880.00,1870.00,1995.00,1380.00,88.70,3.38,33.82,0.00,1.80,1.35,8.46,3246.90,2108.23,2249.15,1555.81,,4599.53,No encontrado
feed,lentils,12.00,2.60,24.40,,1.30,0.98,8.80,2830.00,1835.00,1955.00,1350.00,88.00,2.95,27.73,0.00,1.48,1.11,10.00,3215.91,2085.23,2221.59,1534.09,,4508.64,No encontrado
feed,linseed,9.30,4.80,22.00,,34.70,32.97,17.00,3950.00,2680.00,2810.00,2145.00,90.70,5.29,24.26,0.00,38.26,36.35,18.74,4355.02,2954.80,3098.13,2364.94,,6413.43,No encontrado
feed,linseed_meal_expeller,9.00,5.60,31.50,,7.60,5.70,23.20,2675.00,1710.00,1835.00,1230.00,91.00,6.15,34.62,0.00,8.35,6.26,25.49,2939.56,1879.12,2016.48,1351.65,,4856.15,No encontrado
feed,linseed_meal,10.50,6.00,34.00,,2.80,1.82,22.60,2390.00,1515.00,1630.00,1065.00,89.50,6.70,37.99,0.00,3.13,2.03,25.25,2670.39,1692.74,1821.23,1189.94,,4590.06,No encontrado
feed,palm_kernel_expeller,8.40,4.40,15.60,,7.60,6.84,58.80,2450.00,1550.00,1670.00,1090.00,91.60,4.80,17.03,0.00,8.30,7.47,64.19,2674.67,1692.14,1823.14,1189.96,,4648.73,No encontrado
feed,palm_kernel_expeller_2,9.80,4.50,16.30,,1.80,1.17,63.80,1985.00,1230.00,1335.00,830.00,90.20,4.99,18.07,0.00,2.00,1.30,70.73,2200.67,1363.64,1480.04,920.18,,4303.30,No encontrado
feed,roasted_soybeans,9.20,5.10,37.00,,20.00,19.00,11.30,3620.00,2430.00,2555.00,1900.00,90.80,5.62,40.75,0.00,22.03,20.93,12.44,3986.78,2676.21,2813.88,2092.51,,5737.58,No encontrado
feed,extruded_soybeans,9.20,5.10,37.00,,20.00,19.00,11.30,3680.00,2470.00,2600.00,1935.00,90.80,5.62,40.75,0.00,22.03,20.93,12.44,4052.86,2720.26,2863.44,2131.06,,5737.58,No encontrado
feed,soybean_meal_44_cp,12.10,6.20,44.00,,1.90,1.33,12.80,2770.00,1795.00,1910.00,1310.00,87.90,7.05,50.06,0.00,2.16,1.51,14.56,3151.31,2042.09,2172.92,1490.33,90.20,4701.55,soybean_meal_44_cp
feed,soybean_meal_45_5_cp,11.90,6.30,45.50,,1.70,1.19,10.90,2780.00,1800.00,1920.00,1315.00,88.10,7.15,51.65,0.00,1.93,1.35,12.37,3155.51,2043.13,2179.34,1492.62,,4708.10,No encontrado
feed,soybean_meal_47_cp,11.80,6.30,47.00,,1.70,1.19,9.50,2800.00,1815.00,1930.00,1330.00,88.20,7.14,53.29,0.00,1.93,1.35,10.77,3174.60,2057.82,2188.21,1507.94,90.70,4732.97,soybean_meal_47_cp
feed,soybean_meal_48_5_cp,11.80,6.30,48.50,,1.70,1.19,8.20,2810.00,1820.00,1940.00,1335.00,88.20,7.14,54.99,0.00,1.93,1.35,9.30,3185.94,2063.49,2199.55,1513.61,,4758.48,No encontrado
feed,soybean_meal_micronized_51_cp,8.90,6.70,51.40,,1.90,1.33,7.60,2980.00,1930.00,2060.00,1420.00,91.10,7.35,56.42,0.00,2.09,1.46,8.34,3271.13,2118.55,2261.25,1558.73,,4779.52,No encontrado
feed,common_vetch,10.00,3.50,26.50,,1.70,1.28,14.30,2860.00,1850.00,1970.00,1360.00,90.00,3.89,29.44,0.00,1.89,1.42,15.89,3177.78,2055.56,2188.89,1511.11,,4516.33,No encontrado
feed,ervil_bitter_vetch,8.40,3.20,22.00,,0.90,0.68,11.50,2875.00,1860.00,1985.00,1360.00,91.60,3.49,24.02,0.00,0.98,0.74,12.55,3138.65,2030.57,2167.03,1484.72,,4401.57,No encontrado
feed,soybean_protein_concentrates_extraction,7.00,6.10,65.00,,1.00,0.65,8.50,3100.00,2020.00,2150.00,1500.00,93.00,6.56,69.89,0.00,1.08,0.70,9.14,3333.33,2172.04,2311.83,1612.90,,4960.00,No encontrado
feed,soybean_protein_concentrates_fermentation,8.00,6.70,53.80,,1.50,0.98,9.00,3030.00,1970.00,2100.00,1460.00,92.00,7.28,58.48,0.00,1.63,1.06,9.78,3293.48,2141.30,2282.61,1586.96,,4788.04,No encontrado
feed,soybean_protein_isolates,6.60,3.20,87.00,,0.50,0.33,0.50,0.00,0.00,0.00,0.00,93.40,3.43,93.15,0.00,0.54,0.35,0.54,0.00,0.00,0.00,0.00,,5416.45,No encontrado
feed,peas_protein_concentrate,7.50,5.00,51.50,,2.10,1.58,8.70,2980.00,1935.00,2060.00,1420.00,92.50,5.41,55.68,0.00,2.27,1.70,9.41,3221.62,2091.89,2227.03,1535.14,,4864.43,No encontrado
feed,peas_protein_isolate,8.50,4.00,76.40,,5.50,4.95,1.50,0.00,0.00,0.00,0.00,91.50,4.37,83.50,0.00,6.01,5.41,1.64,0.00,0.00,0.00,0.00,,5536.72,No encontrado
feed,potato_protein_isolate,7.50,2.40,79.00,,2.00,1.40,3.00,3000.00,1950.00,2080.00,1450.00,92.50,2.59,85.41,0.00,2.16,1.51,3.24,3243.24,2108.11,2248.65,1567.57,,5428.00,No encontrado
feed,wheat_protein_hydrolyzed,8.60,3.90,65.60,,6.00,5.58,8.80,0.00,0.00,0.00,0.00,91.40,4.27,71.77,0.00,6.56,6.11,9.63,0.00,0.00,0.00,0.00,,5396.46,No encontrado
feed,rice_protein_concentrate,7.50,1.00,78.00,,4.30,3.66,2.00,3350.00,2210.00,2340.00,1675.00,92.50,1.08,84.32,0.00,4.65,3.95,2.16,3621.62,2389.19,2529.73,1810.81,,5617.62,No encontrado
feed,brewery_yeast,8.20,7.00,46.00,,2.00,1.60,6.50,2710.00,1740.00,1860.00,1250.00,91.80,7.63,50.11,0.00,2.18,1.74,7.08,2952.07,1895.42,2026.14,1361.66,89.70,4678.13,brewery_yeast
feed,alfalfa_hay_dehydrated,10.00,9.80,20.00,,1.80,0.90,35.00,2025.00,1260.00,1365.00,850.00,90.00,10.89,22.22,0.00,2.00,1.00,38.89,2250.00,1400.00,1516.67,944.44,,4106.22,No encontrado
feed,alfalfa_meal_17_5_cp,9.50,10.10,17.50,,1.70,0.85,37.90,1980.00,1225.00,1330.00,825.00,90.50,11.16,19.34,0.00,1.88,0.94,41.88,2187.85,1353.59,1469.61,911.60,,4044.20,No encontrado
feed,alfalfa_meal_15_cp,8.90,10.40,15.00,,1.60,0.80,42.60,1925.00,1190.00,1290.00,795.00,91.10,11.42,16.47,0.00,1.76,0.88,46.76,2113.06,1306.26,1416.03,872.67,,3983.03,No encontrado
feed,forage_meal_mix_12_5_cp,8.40,10.70,12.50,,1.50,0.75,47.20,1870.00,1150.00,1250.00,765.00,91.60,11.68,13.65,0.00,1.64,0.82,51.53,2041.48,1255.46,1364.63,835.15,59.80,3922.42,forage_meal_mix_12_5_cp
feed,cottonseed_hulls,8.60,3.00,6.30,,3.10,1.95,77.60,1450.00,875.00,955.00,550.00,91.40,3.28,6.89,0.00,3.39,2.14,84.90,1586.43,957.33,1044.86,601.75,,4288.91,No encontrado
feed,rise_hulls,9.30,13.40,2.60,,1.50,0.90,72.10,1360.00,820.00,900.00,515.00,90.70,14.77,2.87,0.00,1.65,0.99,79.49,1499.45,904.08,992.28,567.81,,3625.56,No encontrado
feed,out_hulls,10.00,3.70,3.80,,1.40,0.84,67.00,1750.00,1070.00,1170.00,705.00,90.00,4.11,4.22,0.00,1.56,0.93,74.44,1944.44,1188.89,1300.00,783.33,63.00,4109.56,out_hulls
feed,sunflower_hulls,8.60,3.30,5.70,,3.00,1.80,72.20,1320.00,795.00,875.00,495.00,91.40,3.61,6.24,0.00,3.28,1.97,78.99,1444.20,869.80,957.33,541.58,,4258.49,No encontrado
feed,horse_bean_hulls_low_in_tannins,10.40,2.50,9.50,,0.70,0.53,58.90,2400.00,1520.00,1635.00,1070.00,89.60,2.79,10.60,0.00,0.78,0.59,65.74,2678.57,1696.43,1824.78,1194.20,,4220.02,No encontrado
feed,soybean_hulls_10_cp,11.70,4.50,10.00,,2.00,1.80,59.30,2450.00,1560.00,1670.00,1105.00,88.30,5.10,11.33,0.00,2.27,2.04,67.16,2774.63,1766.70,1891.28,1251.42,,4212.48,No encontrado
feed,soybean_hulls_12_cp,11.20,4.60,12.00,,2.40,2.16,57.10,2470.00,1575.00,1690.00,1120.00,88.80,5.18,13.51,0.00,2.70,2.43,64.30,2781.53,1773.65,1903.15,1261.26,79.60,4266.13,soybean_hulls_12_cp
feed,carob_bean,15.00,2.70,4.50,,0.70,0.00,35.00,2050.00,1285.00,1390.00,880.00,85.00,3.18,5.29,0.00,0.82,0.00,41.18,2411.76,1511.76,1635.29,1035.29,59.00,4125.76,carob_bean
feed,olive_leaves,8.70,10.90,8.40,,5.00,1.50,43.00,1000.00,590.00,650.00,350.00,91.30,11.94,9.20,0.00,5.48,1.64,47.10,1095.29,646.22,711.94,383.35,,4059.39,No encontrado
feed,olive_pulp,6.80,8.30,9.60,,16.20,15.39,35.60,1720.00,1050.00,1150.00,680.00,93.20,8.91,10.30,0.00,17.38,16.51,38.20,1845.49,1126.61,1233.91,729.61,,4876.05,No encontrado
feed,olive_pulp_partially_defatted,6.30,9.00,9.90,,11.90,10.95,36.70,1440.00,860.00,950.00,540.00,93.70,9.61,10.57,0.00,12.70,11.68,39.17,1536.82,917.82,1013.87,576.31,,4587.07,No encontrado
feed,extracted_olive_pulp,10.30,8.80,10.90,,0.50,0.35,59.40,790.00,460.00,510.00,270.00,89.70,9.81,12.15,0.00,0.56,0.39,66.22,880.71,512.82,568.56,301.00,,3921.83,No encontrado
feed,grape_seed,8.20,2.90,9.30,,11.10,9.99,67.00,930.00,550.00,605.00,325.00,91.80,3.16,10.13,0.00,12.09,10.88,72.98,1013.07,599.13,659.04,354.03,,4830.09,No encontrado
feed,grape_seed_meal,11.40,4.50,11.10,,1.00,0.80,68.60,520.00,300.00,335.00,170.00,88.60,5.08,12.53,0.00,1.13,0.90,77.43,586.91,338.60,378.10,191.87,,4167.65,No encontrado
feed,grape_marc,8.20,5.80,11.20,,7.50,7.13,57.10,1100.00,650.00,720.00,400.00,91.80,6.32,12.20,0.00,8.17,7.76,62.20,1198.26,708.06,784.31,435.73,,4502.53,No encontrado
forage,straw_cereals_wheat_and_barley,8.60,6.90,4.60,,0.90,0.18,71.10,1260.00,755.00,835.00,470.00,91.40,7.55,5.03,0.00,0.98,0.20,77.79,1378.56,826.04,913.57,514.22,40.00,3938.47,straw_cereals_wheat_and_barley
feed,straw_naoh_treated,8.20,9.10,3.60,,1.50,0.60,70.20,1740.00,1065.00,1160.00,700.00,91.80,9.91,3.92,0.00,1.63,0.65,76.47,1895.42,1160.13,1263.62,762.53,,3854.16,No encontrado
feed,straw_lentils,10.00,10.10,6.00,,1.00,0.50,60.00,1340.00,805.00,880.00,500.00,90.00,11.22,6.67,0.00,1.11,0.56,66.67,1488.89,894.44,977.78,555.56,,3808.44,No encontrado
feed,citrus_pulp_orange_tangerine,12.30,6.00,6.10,,1.60,0.88,20.60,2600.00,1665.00,1785.00,1205.00,87.70,6.84,6.96,0.00,1.82,1.00,23.49,2964.65,1898.52,2035.35,1374.00,84.10,4045.47,citrus_pulp_orange_tangerine
feed,apple_pulp,10.80,2.00,5.50,,4.00,0.00,46.80,1990.00,1240.00,1340.00,835.00,89.20,2.24,6.17,0.00,4.48,0.00,52.47,2230.94,1390.13,1502.24,936.10,,4384.96,No encontrado
feed,beet_pulp_4_ash,10.70,4.00,8.60,,0.60,0.24,40.80,2630.00,1685.00,1800.00,1210.00,89.30,4.48,9.63,0.00,0.67,0.27,45.69,2945.13,1886.90,2015.68,1354.98,81.00,4124.99,beet_pulp_4_ash
feed,beet_pulp_7_5_ash,10.70,7.50,7.90,,0.60,0.24,39.80,2515.00,1600.00,1720.00,1140.00,89.30,8.40,8.85,0.00,0.67,0.27,44.57,2816.35,1791.71,1926.09,1276.60,,3940.78,No encontrado
feed,meat_meal_44_15_28,6.40,28.00,43.70,,15.40,12.32,1.50,2600.00,1655.00,1775.00,1175.00,93.60,29.91,46.69,0.00,16.45,13.16,1.60,2777.78,1768.16,1896.37,1255.34,,4445.45,No encontrado
feed,meat_meal_50_14_26,5.40,26.00,49.30,,14.40,11.52,1.50,2680.00,1710.00,1830.00,1215.00,94.60,27.48,52.11,0.00,15.22,12.18,1.59,2832.98,1807.61,1934.46,1284.36,,4564.84,No encontrado
feed,meat_meal_52_14_25,4.20,25.20,52.30,,14.10,11.28,1.50,2750.00,1755.00,1885.00,1255.00,95.80,26.30,54.59,0.00,14.72,11.77,1.57,2870.56,1831.94,1967.64,1310.02,0.00,4625.70,meat_meal_52_14_25
feed,meat_meal_57_13_24,4.00,23.60,56.60,,13.10,10.48,1.50,2820.00,1805.00,1930.00,1300.00,96.00,24.58,58.96,0.00,13.65,10.92,1.56,2937.50,1880.21,2010.42,1354.17,,4706.88,No encontrado
feed,poultry_byproduct,9.70,6.10,61.80,,19.30,16.41,1.50,3235.00,2130.00,2255.00,1610.00,90.30,6.76,68.44,0.00,21.37,18.17,1.66,3582.50,2358.80,2497.23,1782.95,,6066.25,No encontrado
feed,poultry_meat_meal,3.50,15.80,64.80,,13.00,10.40,1.40,3010.00,1945.00,2075.00,1420.00,96.50,16.37,67.15,0.00,13.47,10.78,1.45,3119.17,2015.54,2150.26,1471.50,,5181.24,No encontrado
feed,fish_meal_national_59_9_21,8.00,21.50,59.00,,9.00,7.20,1.50,2670.00,1710.00,1830.00,1225.00,92.00,23.37,64.13,0.00,9.78,7.83,1.63,2902.17,1858.70,1989.13,1331.52,,4621.52,No encontrado
feed,fish_meal_national_62_9_18,7.80,18.50,62.20,,9.20,7.45,1.50,2820.00,1815.00,1940.00,1320.00,92.20,20.07,67.46,0.00,9.98,8.08,1.63,3058.57,1968.55,2104.12,1431.67,,4827.85,No encontrado
feed,fish_meal_67_10_15,7.20,15.10,66.60,,9.40,7.71,1.50,2985.00,1935.00,2060.00,1425.00,92.80,16.27,71.77,0.00,10.13,8.31,1.62,3216.59,2085.13,2219.83,1535.56,,5067.80,No encontrado
feed,fish_meal_70_9_13,7.00,12.50,70.00,,9.50,7.98,0.80,3080.00,2005.00,2130.00,1485.00,93.00,13.44,75.27,0.00,10.22,8.58,0.86,3311.83,2155.91,2290.32,1596.77,,5249.68,No encontrado
feed,feather_meal_hydrolyzed,6.80,2.20,83.90,,6.00,4.68,1.00,2975.00,1925.00,2050.00,1415.00,93.20,2.36,90.02,0.00,6.44,5.02,1.07,3192.06,2065.45,2199.57,1518.24,,5746.97,No encontrado
feed,blood_meal_spray,8.00,3.50,87.00,,0.80,0.00,0.00,2950.00,1905.00,2030.00,1400.00,92.00,3.80,94.57,0.00,0.87,0.00,0.00,3206.52,2070.65,2206.52,1521.74,,5439.78,No encontrado
feed,hemoglobine,6.50,3.30,91.50,,0.50,0.00,0.00,0.00,0.00,0.00,0.00,93.50,3.53,97.86,0.00,0.53,0.00,0.00,0.00,0.00,0.00,0.00,,5482.57,No encontrado
feed,animal_plasma_70_cp,8.60,17.20,70.60,,0.80,0.72,0.00,0.00,0.00,0.00,0.00,91.40,18.82,77.24,0.00,0.88,0.79,0.00,0.00,0.00,0.00,0.00,,4519.65,No encontrado
feed,animal_plasma_78_cp,8.60,7.60,78.00,,0.60,0.54,0.00,0.00,0.00,0.00,0.00,91.40,8.32,85.34,0.00,0.66,0.59,0.00,0.00,0.00,0.00,0.00,,5090.98,No encontrado
feed,egg_meal,6.00,5.00,47.00,,38.00,36.10,0.00,0.00,0.00,0.00,0.00,94.00,5.32,50.00,0.00,40.43,38.40,0.00,0.00,0.00,0.00,0.00,,6919.79,No encontrado
feed,mucose_hydrolyzed_52_cp,5.80,12.40,52.90,,2.60,2.55,4.00,0.00,0.00,0.00,0.00,94.20,13.16,56.16,0.00,2.76,2.70,4.25,0.00,0.00,0.00,0.00,,4557.73,No encontrado
feed,mucose_hydrolyzed_62_cp,4.50,24.60,62.00,,2.10,2.10,0.00,0.00,0.00,0.00,0.00,95.50,25.76,64.92,0.00,2.20,2.20,0.00,0.00,0.00,0.00,0.00,,4103.56,No encontrado
feed,mucose_hydrolyzed_70_cp,3.60,17.30,70.10,,0.10,0.10,0.00,0.00,0.00,0.00,0.00,96.40,17.95,72.72,0.00,0.10,0.10,0.00,0.00,0.00,0.00,0.00,,4446.95,No encontrado
feed,casein,9.00,2.60,87.00,,0.80,0.76,0.00,3300.00,2175.00,2305.00,1650.00,91.00,2.86,95.60,0.00,0.88,0.84,0.00,3626.37,2390.11,2532.97,1813.19,,5497.58,No encontrado
feed,skimmed_milk,5.00,7.80,34.20,,0.90,0.86,0.00,3015.00,1950.00,2080.00,1430.00,95.00,8.21,36.00,0.00,0.95,0.90,0.00,3173.68,2052.63,2189.47,1505.26,95.00,4371.79,skimmed_milk
feed,skimmed_milk_denatured,5.60,8.10,34.00,,1.00,0.90,2.30,2980.00,1925.00,2055.00,1410.00,94.40,8.58,36.02,0.00,1.06,0.95,2.44,3156.78,2039.19,2176.91,1493.64,,4362.03,No encontrado
feed,wheypowder_acid,4.40,12.00,9.40,,0.90,0.86,0.00,2780.00,1780.00,1905.00,1275.00,95.60,12.55,9.83,0.00,0.94,0.89,0.00,2907.95,1861.92,1992.68,1333.68,92.00,3787.91,wheypowder_acid
feed,wheypowder_sweet_sheep,4.30,8.40,14.10,,1.00,0.95,0.00,2925.00,1885.00,2015.00,1370.00,95.70,8.78,14.73,0.00,1.04,0.99,0.00,3056.43,1969.70,2105.54,1431.56,,4033.31,No encontrado
feed,wheypowder_sweet_cattle,4.50,8.60,12.50,,0.90,0.86,0.00,2900.00,1865.00,1995.00,1355.00,95.50,9.01,13.09,0.00,0.94,0.90,0.00,3036.65,1952.88,2089.01,1418.85,92.00,3992.88,wheypowder_sweet_cattle
feed,wheypowder_50_fat,2.80,4.50,6.20,,50.00,47.50,0.00,5040.00,3540.00,3660.00,2980.00,97.20,4.63,6.38,0.00,51.44,48.87,0.00,5185.19,3641.98,3765.43,3065.84,,6912.63,No encontrado
feed,wheypowder_partially_lactose_free_22_39_22,5.00,23.50,21.00,,2.80,2.66,0.00,2470.00,1560.00,1680.00,1090.00,95.00,24.74,22.11,0.00,2.95,2.80,0.00,2600.00,1642.11,1768.42,1147.37,,3548.21,No encontrado
feed,tallow,4.50,19.50,25.50,,3.00,2.79,0.00,2640.00,1680.00,1800.00,1190.00,95.50,20.42,26.70,0.00,3.14,2.92,0.00,2764.40,1759.16,1884.82,1246.07,,3818.01,No encontrado
feed,wheypowder_partially_lactose_free_20_fat,4.50,15.60,20.40,,20.00,19.00,0.00,3410.00,2245.00,2375.00,1700.00,95.50,16.34,21.36,0.00,20.94,19.90,0.00,3570.68,2350.79,2486.91,1780.10,,4914.45,No encontrado
feed,whey_permeate,4.10,8.50,3.50,,0.50,0.48,0.00,0.00,0.00,0.00,0.00,95.90,8.86,3.65,0.00,0.52,0.50,0.00,0.00,0.00,0.00,0.00,,3833.95,No encontrado
feed,butterfat,0.00,0.00,0.00,,100.00,98.00,0.00,6640.00,4740.00,4500.00,4645.00,100.00,0.00,0.00,0.00,100.00,98.00,0.00,6640.00,4740.00,4500.00,4645.00,88.00,9740.00,butterfat
feed,tallow,0.00,0.00,0.00,,100.00,98.00,0.00,6780.00,4840.00,4600.00,4720.00,100.00,0.00,0.00,0.00,100.00,98.00,0.00,6780.00,4840.00,4600.00,4720.00,,9740.00,No encontrado
feed,lard,0.00,0.00,0.00,,100.00,98.00,0.00,6900.00,4930.00,4685.00,4830.00,100.00,0.00,0.00,0.00,100.00,98.00,0.00,6900.00,4930.00,4685.00,4830.00,,9740.00,No encontrado
feed,animal_fat_3_5,0.00,0.00,0.00,,100.00,100.00,0.00,6734.55,4800.00,4570.00,4710.00,100.00,0.00,0.00,0.00,100.00,100.00,0.00,6734.55,4800.00,4570.00,4710.00,,9740.00,No encontrado
feed,animal_fat_5_9,0.00,0.00,0.00,,100.00,100.00,0.00,6734.55,4800.00,4570.00,4710.00,100.00,0.00,0.00,0.00,100.00,100.00,0.00,6734.55,4800.00,4570.00,4710.00,,9740.00,No encontrado
feed,animal_fat_9_12,0.00,0.00,0.00,,100.00,100.00,0.00,6734.55,4800.00,4570.00,4710.00,100.00,0.00,0.00,0.00,100.00,100.00,0.00,6734.55,4800.00,4570.00,4710.00,,9740.00,No encontrado
feed,poultry_fat,0.00,0.00,0.00,,100.00,98.00,0.00,6800.00,4855.00,4610.00,4760.00,100.00,0.00,0.00,0.00,100.00,98.00,0.00,6800.00,4855.00,4610.00,4760.00,,9740.00,No encontrado
feed,chilean_fish_oil,0.00,0.00,0.00,,100.00,98.00,0.00,6370.00,4550.00,4320.00,4460.00,100.00,0.00,0.00,0.00,100.00,98.00,0.00,6370.00,4550.00,4320.00,4460.00,,9740.00,No encontrado
feed,nordic_fish_oil,0.00,0.00,0.00,,100.00,98.00,0.00,6370.00,4550.00,4320.00,4460.00,100.00,0.00,0.00,0.00,100.00,98.00,0.00,6370.00,4550.00,4320.00,4460.00,,9740.00,No encontrado
feed,national_fish_oil,0.00,0.00,0.00,,100.00,98.00,0.00,6370.00,4550.00,4320.00,4460.00,100.00,0.00,0.00,0.00,100.00,98.00,0.00,6370.00,4550.00,4320.00,4460.00,,9740.00,No encontrado
feed,fish_acid_oil_oleins,0.00,0.00,0.00,,100.00,95.00,0.00,5740.00,4100.00,3900.00,4020.00,100.00,0.00,0.00,0.00,100.00,95.00,0.00,5740.00,4100.00,3900.00,4020.00,,9740.00,No encontrado
feed,cotton_oil,0.00,0.00,0.00,,100.00,99.00,0.00,0.00,0.00,0.00,0.00,100.00,0.00,0.00,0.00,100.00,99.00,0.00,0.00,0.00,0.00,0.00,,9740.00,No encontrado
feed,corn_oil,0.00,0.00,0.00,,100.00,99.00,0.00,0.00,0.00,0.00,0.00,100.00,0.00,0.00,0.00,100.00,99.00,0.00,0.00,0.00,0.00,0.00,,9740.00,No encontrado
feed,soybean_oil,0.00,0.00,0.00,,100.00,99.00,0.00,6950.00,4960.00,4700.00,4830.00,100.00,0.00,0.00,0.00,100.00,99.00,0.00,6950.00,4960.00,4700.00,4830.00,83.70,9740.00,soybean_oil
feed,rapeseed_oil,0.00,0.00,0.00,,100.00,99.00,0.00,6950.00,4950.00,4690.00,4820.00,100.00,0.00,0.00,0.00,100.00,99.00,0.00,6950.00,4950.00,4690.00,4820.00,,9740.00,No encontrado
feed,sunflower_oil,0.00,0.00,0.00,,100.00,99.00,0.00,6950.00,4900.00,4660.00,4780.00,100.00,0.00,0.00,0.00,100.00,99.00,0.00,6950.00,4900.00,4660.00,4780.00,,9740.00,No encontrado
feed,high_oleic_sunflower_oil,0.00,0.00,0.00,,100.00,99.00,0.00,6950.00,4950.00,4690.00,4820.00,100.00,0.00,0.00,0.00,100.00,99.00,0.00,6950.00,4950.00,4690.00,4820.00,,9740.00,No encontrado
feed,olive_oil,0.00,0.00,0.00,,100.00,99.00,0.00,6980.00,4980.00,4700.00,4830.00,100.00,0.00,0.00,0.00,100.00,99.00,0.00,6980.00,4980.00,4700.00,4830.00,,9740.00,No encontrado
feed,palm_oil,0.00,0.00,0.00,,100.00,99.00,0.00,6900.00,4940.00,4700.00,4780.00,100.00,0.00,0.00,0.00,100.00,99.00,0.00,6900.00,4940.00,4700.00,4780.00,80.90,9740.00,palm_oil
feed,coconut_oil,0.00,0.00,0.00,,100.00,99.00,0.00,6780.00,4840.00,4600.00,4720.00,100.00,0.00,0.00,0.00,100.00,99.00,0.00,6780.00,4840.00,4600.00,4720.00,,9740.00,No encontrado
feed,palm_stearin,0.00,0.00,0.00,,100.00,99.00,0.00,6250.05,4460.00,4240.00,4350.00,100.00,0.00,0.00,0.00,100.00,99.00,0.00,6250.05,4460.00,4240.00,4350.00,,9740.00,No encontrado
feed,palm_kernel_oil,0.00,0.00,0.00,,100.00,99.00,0.00,0.00,0.00,0.00,0.00,100.00,0.00,0.00,0.00,100.00,99.00,0.00,0.00,0.00,0.00,0.00,,9740.00,No encontrado
feed,linseed_oil,0.00,0.00,0.00,,100.00,99.00,0.00,0.00,0.00,0.00,0.00,100.00,0.00,0.00,0.00,100.00,99.00,0.00,0.00,0.00,0.00,0.00,,9740.00,No encontrado
feed,peanut_oil,0.00,0.00,0.00,,100.00,99.00,0.00,0.00,0.00,0.00,0.00,100.00,0.00,0.00,0.00,100.00,99.00,0.00,0.00,0.00,0.00,0.00,,9740.00,No encontrado
feed,crude_soybean_lecithins,1.00,4.50,0.00,,92.30,91.38,0.00,6177.38,4400.00,4200.00,4250.00,99.00,4.55,0.00,0.00,93.23,92.30,0.00,6239.77,4444.44,4242.42,4292.93,,9161.01,No encontrado
feed,soya_acid_oil_oleins,0.00,0.00,0.00,,100.00,95.00,0.00,6470.00,4615.00,4390.00,4500.00,100.00,0.00,0.00,0.00,100.00,95.00,0.00,6470.00,4615.00,4390.00,4500.00,,9740.00,No encontrado
feed,sunflower_acid_oil_oleins,0.00,0.00,0.00,,100.00,95.00,0.00,6440.00,4600.00,4370.00,4480.00,100.00,0.00,0.00,0.00,100.00,95.00,0.00,6440.00,4600.00,4370.00,4480.00,,9740.00,No encontrado
feed,olive_acid_oil_oleins,0.00,0.00,0.00,,100.00,95.00,0.00,6419.63,4575.00,4350.00,4460.00,100.00,0.00,0.00,0.00,100.00,95.00,0.00,6419.63,4575.00,4350.00,4460.00,,9740.00,No encontrado
feed,coconut_acid_oil_oleins,0.00,0.00,0.00,,100.00,95.00,0.00,5810.00,4150.00,3945.00,4050.00,100.00,0.00,0.00,0.00,100.00,95.00,0.00,5810.00,4150.00,3945.00,4050.00,,9740.00,No encontrado
feed,palm_distillers,0.00,0.00,0.00,,100.00,97.00,0.00,6395.40,4560.00,4330.00,4450.00,100.00,0.00,0.00,0.00,100.00,97.00,0.00,6395.40,4560.00,4330.00,4450.00,,9740.00,No encontrado
feed,yellow_grease,0.00,0.00,0.00,,97.00,81.48,0.00,6419.63,4560.00,4300.00,4450.00,100.00,0.00,0.00,0.00,97.00,81.48,0.00,6419.63,4560.00,4300.00,4450.00,,9572.00,No encontrado
feed,grasoleins_gt_50,0.00,0.00,0.00,,96.00,81.60,0.00,6050.00,4320.00,4100.00,4200.00,100.00,0.00,0.00,0.00,96.00,81.60,0.00,6050.00,4320.00,4100.00,4200.00,,9516.00,No encontrado
feed,grasoleins_gt_35,0.00,0.00,0.00,,94.00,77.08,0.00,5789.78,4130.00,3930.00,4050.00,100.00,0.00,0.00,0.00,94.00,77.08,0.00,5789.78,4130.00,3930.00,4050.00,,9404.00,No encontrado
feed,grasoleins_lt_20,0.00,0.00,0.00,,93.00,74.40,0.00,5720.00,4080.00,3880.00,4000.00,100.00,0.00,0.00,0.00,93.00,74.40,0.00,5720.00,4080.00,3880.00,4000.00,,9348.00,No encontrado
feed,palm_calcium_soap,0.00,16.00,0.00,,84.00,79.80,0.00,6170.00,4400.00,4180.00,4300.00,100.00,16.00,0.00,0.00,84.00,79.80,0.00,6170.00,4400.00,4180.00,4300.00,,8140.00,No encontrado
feed,mixed_calcium_soaps,0.00,16.00,0.00,,84.00,79.80,0.00,6050.00,4320.00,4100.00,4200.00,100.00,16.00,0.00,0.00,84.00,79.80,0.00,6050.00,4320.00,4100.00,4200.00,0.00,8140.00,mixed_calcium_soaps
feed,hydrogenated_fat_gt_55,0.00,0.00,0.00,,98.00,93.10,0.00,6490.00,4640.00,4400.00,4540.00,100.00,0.00,0.00,0.00,98.00,93.10,0.00,6490.00,4640.00,4400.00,4540.00,,9628.00,No encontrado
feed,hydrogenated_fat_gt_90,0.00,0.00,0.00,,98.50,93.58,0.00,6080.48,4340.00,4125.00,4255.00,100.00,0.00,0.00,0.00,98.50,93.58,0.00,6080.48,4340.00,4125.00,4255.00,,9656.00,No encontrado
feed,glycerin_85,9.30,4.50,0.00,,0.40,0.40,0.00,3000.00,1920.00,2170.00,1370.00,90.70,4.96,0.00,0.00,0.44,0.44,0.00,3307.61,2116.87,2392.50,1510.47,,3946.39,No encontrado
feed,calcium_carbonate,2.00,98.00,0.00,,0.00,0.00,0.00,0.00,0.00,0.00,0.00,98.00,100.00,0.00,0.00,0.00,0.00,0.00,0.00,0.00,0.00,0.00,0.00,-260.00,calcium_carbonate
feed,oyster_shells,0.30,98.50,0.00,,0.00,0.00,0.00,0.00,0.00,0.00,0.00,99.70,98.80,0.00,0.00,0.00,0.00,0.00,0.00,0.00,0.00,0.00,,-207.04,No encontrado
feed,mollusk_shells,1.00,96.70,0.00,,0.00,0.00,0.00,0.00,0.00,0.00,0.00,99.00,97.68,0.00,0.00,0.00,0.00,0.00,0.00,0.00,0.00,0.00,,-157.78,No encontrado
feed,maerl_marine_algae,0.50,97.00,0.00,,0.00,0.00,0.00,0.00,0.00,0.00,0.00,99.50,97.49,0.00,0.00,0.00,0.00,0.00,0.00,0.00,0.00,0.00,,-149.45,No encontrado
feed,dolomitic_carbonate,0.50,98.00,0.00,,0.00,0.00,0.00,0.00,0.00,0.00,0.00,99.50,98.49,0.00,0.00,0.00,0.00,0.00,0.00,0.00,0.00,0.00,,-193.67,No encontrado
feed,bone_meal_degelatinized,2.50,84.00,8.00,,3.00,0.00,0.00,0.00,0.00,0.00,0.00,97.50,86.15,8.21,0.00,3.08,0.00,0.00,0.00,0.00,0.00,0.00,,644.62,No encontrado
feed,stone_phosphate_defluorinized,0.60,99.00,0.00,,0.00,0.00,0.00,0.00,0.00,0.00,0.00,99.40,99.60,0.00,0.00,0.00,0.00,0.00,0.00,0.00,0.00,0.00,,-242.29,No encontrado
feed,dicalcium_phosphate_anhydrous,0.30,88.00,0.00,,0.00,0.00,0.00,0.00,0.00,0.00,0.00,99.70,88.26,0.00,0.00,0.00,0.00,0.00,0.00,0.00,0.00,0.00,,256.35,No encontrado
feed,dicalcium_phosphate_dihydrated,2.00,80.00,0.00,,0.00,0.00,0.00,0.00,0.00,0.00,0.00,98.00,81.63,0.00,0.00,0.00,0.00,0.00,0.00,0.00,0.00,0.00,0.00,548.16,dicalcium_phosphate_dihydrated
feed,mono_dicalcium_phosphate_hydrated,2.00,83.00,0.00,,0.00,0.00,0.00,0.00,0.00,0.00,0.00,98.00,84.69,0.00,0.00,0.00,0.00,0.00,0.00,0.00,0.00,0.00,,413.47,No encontrado
feed,monocalcium_phosphate_hydrated,2.00,78.00,0.00,,0.00,0.00,0.00,0.00,0.00,0.00,0.00,98.00,79.59,0.00,0.00,0.00,0.00,0.00,0.00,0.00,0.00,0.00,,637.96,No encontrado
feed,monosodium_phosphate_monohydrated,1.50,81.00,0.00,,0.00,0.00,0.00,0.00,0.00,0.00,0.00,98.50,82.23,0.00,0.00,0.00,0.00,0.00,0.00,0.00,0.00,0.00,,521.73,No encontrado
feed,calcium_sodium_phosphate,1.50,98.00,,,0.00,0.00,,,,,,98.50,99.49,0.00,0.00,0.00,0.00,0.00,0.00,0.00,0.00,0.00,,-237.66,No encontrado
feed,magnesium_phosphate_hydrated,2.50,76.00,0.00,,0.00,0.00,0.00,0.00,0.00,0.00,0.00,97.50,77.95,0.00,0.00,0.00,0.00,0.00,0.00,0.00,0.00,0.00,,710.26,No encontrado
feed,triple_na_ca_mg_phosphate_hydrated,0.00,0.00,0.00,,0.00,0.00,0.00,0.00,0.00,0.00,0.00,100.00,0.00,0.00,0.00,0.00,0.00,0.00,0.00,0.00,0.00,0.00,,4140.00,No encontrado
feed,mono_ammonium_phosphate,0.50,0.00,68.80,,0.00,0.00,0.00,0.00,0.00,0.00,0.00,99.50,0.00,69.15,0.00,0.00,0.00,0.00,0.00,0.00,0.00,0.00,,5177.19,No encontrado
feed,mg_oxide_calcined_magnesite,0.00,0.00,0.00,,0.00,0.00,0.00,0.00,0.00,0.00,0.00,100.00,0.00,0.00,0.00,0.00,0.00,0.00,0.00,0.00,0.00,0.00,0.00,4140.00,mg_oxide_calcined_magnesite
feed,anhydrous_magnesium_sulfate,0.50,0.00,0.00,,0.00,0.00,0.00,0.00,0.00,0.00,0.00,99.50,0.00,0.00,0.00,0.00,0.00,0.00,0.00,0.00,0.00,0.00,,4140.00,No encontrado
feed,magnesium_sulfate_heptahydrate,0.00,0.00,0.00,,0.00,0.00,0.00,0.00,0.00,0.00,0.00,100.00,0.00,0.00,0.00,0.00,0.00,0.00,0.00,0.00,0.00,0.00,,4140.00,No encontrado
feed,magnesium_chloride_hexahydrate,0.00,0.00,0.00,,0.00,0.00,0.00,0.00,0.00,0.00,0.00,100.00,0.00,0.00,0.00,0.00,0.00,0.00,0.00,0.00,0.00,0.00,,4140.00,No encontrado
feed,magnesium_propionate_dihydrate,0.00,0.00,0.00,,0.00,0.00,0.00,0.00,0.00,0.00,0.00,100.00,0.00,0.00,0.00,0.00,0.00,0.00,0.00,0.00,0.00,0.00,,4140.00,No encontrado
feed,sodium_chloride_marine,0.20,98.00,0.00,,0.00,0.00,0.00,0.00,0.00,0.00,0.00,99.80,98.20,0.00,0.00,0.00,0.00,0.00,0.00,0.00,0.00,0.00,,-180.64,No encontrado
feed,sodium_chloride_mine_92,0.70,92.00,0.00,,0.00,0.00,0.00,0.00,0.00,0.00,0.00,99.30,92.65,0.00,0.00,0.00,0.00,0.00,0.00,0.00,0.00,0.00,0.00,63.46,sodium_chloride_mine_92
feed,sodium_chloride_mine_96,0.70,96.00,0.00,,0.00,0.00,0.00,0.00,0.00,0.00,0.00,99.30,96.68,0.00,0.00,0.00,0.00,0.00,0.00,0.00,0.00,0.00,,-113.78,No encontrado
feed,sodium_chloride_mine_98,0.20,96.00,0.00,,0.00,0.00,0.00,0.00,0.00,0.00,0.00,99.80,96.19,0.00,0.00,0.00,0.00,0.00,0.00,0.00,0.00,0.00,,-92.46,No encontrado
feed,sodium_bicarbonate,0.20,99.00,0.00,,0.00,0.00,0.00,0.00,0.00,0.00,0.00,99.80,99.20,0.00,0.00,0.00,0.00,0.00,0.00,0.00,0.00,0.00,0.00,-224.73,sodium_bicarbonate
feed,sodium_carbonate,0.80,99.00,0.00,,0.00,0.00,0.00,0.00,0.00,0.00,0.00,99.20,99.80,0.00,0.00,0.00,0.00,0.00,0.00,0.00,0.00,0.00,,-251.13,No encontrado
feed,sodium_sulfate,0.20,99.00,0.00,,0.00,0.00,0.00,0.00,0.00,0.00,0.00,99.80,99.20,0.00,0.00,0.00,0.00,0.00,0.00,0.00,0.00,0.00,0.00,-224.73,sodium_sulfate
feed,urea,1.00,0.70,287.50,,0.00,0.00,0.00,0.00,0.00,0.00,0.00,99.00,0.71,290.40,0.00,0.00,0.00,0.00,0.00,0.00,0.00,0.00,0.00,8464.95,urea
feed,ammonium_sulphate,0.80,0.00,130.00,,0.00,0.00,0.00,0.00,0.00,0.00,0.00,99.20,0.00,131.05,0.00,0.00,0.00,0.00,0.00,0.00,0.00,0.00,,6105.73,No encontrado
feed,ammonium_chloride,0.90,0.60,163.60,,0.00,0.00,0.00,0.00,0.00,0.00,0.00,99.10,0.61,165.09,0.00,0.00,0.00,0.00,0.00,0.00,0.00,0.00,0.00,6589.65,ammonium_chloride
feed,dl_methionine,0.50,0.50,58.40,,0.00,0.00,0.00,0.00,0.00,0.00,0.00,99.50,0.50,58.69,0.00,0.00,0.00,0.00,0.00,0.00,0.00,0.00,,4998.29,No encontrado
feed,l_methionine,0.50,0.50,58.40,,0.00,0.00,0.00,0.00,0.00,0.00,0.00,99.50,0.50,58.69,0.00,0.00,0.00,0.00,0.00,0.00,0.00,0.00,,4998.29,No encontrado
feed,sodium_dl_methionine_54,54.00,6.50,23.60,,0.00,0.00,0.00,0.00,0.00,0.00,0.00,46.00,14.13,51.30,0.00,0.00,0.00,0.00,0.00,0.00,0.00,0.00,,4287.83,No encontrado
feed,methionine_hydroxy_analog,12.00,0.00,0.00,,0.00,0.00,0.00,0.00,0.00,0.00,0.00,88.00,0.00,0.00,0.00,0.00,0.00,0.00,0.00,0.00,0.00,0.00,,4140.00,No encontrado
feed,methionine_hydrozylate_analog_calcium_salts,1.00,18.00,0.00,,0.00,0.00,0.00,0.00,0.00,0.00,0.00,99.00,18.18,0.00,0.00,0.00,0.00,0.00,0.00,0.00,0.00,0.00,,3340.00,No encontrado
feed,l_lysine_hcl,0.50,0.30,94.40,,0.00,0.00,0.00,0.00,0.00,0.00,0.00,99.50,0.30,94.87,0.00,0.00,0.00,0.00,0.00,0.00,0.00,0.00,,5549.85,No encontrado
feed,l_lysine_50,46.00,0.30,60.00,,0.00,0.00,0.00,0.00,0.00,0.00,0.00,54.00,0.56,111.11,0.00,0.00,0.00,0.00,0.00,0.00,0.00,0.00,,5782.22,No encontrado
feed,l_lysine_sulfate,4.00,4.00,80.00,,0.00,0.00,0.00,0.00,0.00,0.00,0.00,96.00,4.17,83.33,0.00,0.00,0.00,0.00,0.00,0.00,0.00,0.00,,5206.67,No encontrado
feed,l_threonine,0.50,0.50,72.50,,0.00,0.00,0.00,0.00,0.00,0.00,0.00,99.50,0.50,72.86,0.00,0.00,0.00,0.00,0.00,0.00,0.00,0.00,,5210.85,No encontrado
feed,l_triptophane,0.60,0.70,84.50,,0.00,0.00,0.00,0.00,0.00,0.00,0.00,99.40,0.70,85.01,0.00,0.00,0.00,0.00,0.00,0.00,0.00,0.00,,5384.16,No encontrado
feed,l_valine,1.00,0.50,72.40,,0.00,0.00,0.00,0.00,0.00,0.00,0.00,99.00,0.51,73.13,0.00,0.00,0.00,0.00,0.00,0.00,0.00,0.00,,5214.75,No encontrado
feed,l_arginine,0.50,0.10,196.90,,0.00,0.00,0.00,0.00,0.00,0.00,0.00,99.50,0.10,197.89,0.00,0.00,0.00,0.00,0.00,0.00,0.00,0.00,,7103.92,No encontrado
feed,l_isoleucine,1.00,0.00,68.00,,0.00,0.00,0.00,0.00,0.00,0.00,0.00,99.00,0.00,68.69,0.00,0.00,0.00,0.00,0.00,0.00,0.00,0.00,,5170.30,No encontrado
feed,l_histidine_hcl,1.00,0.50,125.30,,0.00,0.00,0.00,0.00,0.00,0.00,0.00,99.00,0.51,126.57,0.00,0.00,0.00,0.00,0.00,0.00,0.00,0.00,,6016.26,No encontrado
feed,starch_96,3.00,0.15,0.00,,0.00,0.00,0.00,0.00,0.00,0.00,0.00,97.00,0.15,0.00,0.00,0.00,0.00,0.00,0.00,0.00,0.00,0.00,,4133.20,No encontrado
feed,starch_84,11.00,0.20,0.00,,0.00,0.00,0.00,0.00,0.00,0.00,0.00,89.00,0.22,0.00,0.00,0.00,0.00,0.00,0.00,0.00,0.00,0.00,,4130.11,No encontrado
feed,sucrose,0.50,0.20,0.00,,0.00,0.00,0.00,0.00,0.00,0.00,0.00,99.50,0.20,0.00,0.00,0.00,0.00,0.00,0.00,0.00,0.00,0.00,,4131.16,No encontrado
feed,dextrose_monohydrated,8.50,0.20,0.00,,0.00,0.00,0.00,0.00,0.00,0.00,0.00,91.50,0.22,0.00,0.00,0.00,0.00,0.00,0.00,0.00,0.00,0.00,,4130.38,No encontrado
feed,lactose,3.50,0.40,0.00,,0.00,0.00,0.00,0.00,0.00,0.00,0.00,96.50,0.41,0.00,0.00,0.00,0.00,0.00,0.00,0.00,0.00,0.00,,4121.76,No encontrado
feed,citric_acid,0.00,0.00,0.00,,0.00,0.00,0.00,0.00,0.00,0.00,0.00,100.00,0.00,0.00,0.00,0.00,0.00,0.00,0.00,0.00,0.00,0.00,,4140.00,No encontrado
feed,fumaric_acid,0.00,0.00,0.00,,0.00,0.00,0.00,0.00,0.00,0.00,0.00,100.00,0.00,0.00,0.00,0.00,0.00,0.00,0.00,0.00,0.00,0.00,,4140.00,No encontrado
feed,propionic_acid,0.00,0.00,0.00,,0.00,0.00,0.00,0.00,0.00,0.00,0.00,100.00,0.00,0.00,0.00,0.00,0.00,0.00,0.00,0.00,0.00,0.00,,4140.00,No encontrado
feed,formic_acid,0.00,0.00,0.00,,0.00,0.00,0.00,0.00,0.00,0.00,0.00,100.00,0.00,0.00,0.00,0.00,0.00,0.00,0.00,0.00,0.00,0.00,,4140.00,No encontrado
feed,butiric_acid,0.00,0.00,0.00,,0.00,0.00,0.00,0.00,0.00,0.00,0.00,100.00,0.00,0.00,0.00,0.00,0.00,0.00,0.00,0.00,0.00,0.00,,4140.00,No encontrado
feed,dl_malic_acid,0.00,0.00,0.00,,0.00,0.00,0.00,0.00,0.00,0.00,0.00,100.00,0.00,0.00,0.00,0.00,0.00,0.00,0.00,0.00,0.00,0.00,,4140.00,No encontrado
feed,benzoic_acid,0.00,0.00,0.00,,0.00,0.00,0.00,0.00,0.00,0.00,0.00,100.00,0.00,0.00,0.00,0.00,0.00,0.00,0.00,0.00,0.00,0.00,,4140.00,No encontrado
feed,aceyic_acid,0.00,0.00,0.00,,0.00,0.00,0.00,0.00,0.00,0.00,0.00,100.00,0.00,0.00,0.00,0.00,0.00,0.00,0.00,0.00,0.00,0.00,,4140.00,No encontrado
feed,lactic_acid,0.00,0.00,0.00,,0.00,0.00,0.00,0.00,0.00,0.00,0.00,100.00,0.00,0.00,0.00,0.00,0.00,0.00,0.00,0.00,0.00,0.00,,4140.00,No encontrado
feed,sorbic_acid,0.00,0.00,0.00,,0.00,0.00,0.00,0.00,0.00,0.00,0.00,100.00,0.00,0.00,0.00,0.00,0.00,0.00,0.00,0.00,0.00,0.00,,4140.00,No encontrado
feed,propylenglycol,0.00,0.00,0.00,,0.00,0.00,0.00,0.00,0.00,0.00,0.00,100.00,0.00,0.00,0.00,0.00,0.00,0.00,0.00,0.00,0.00,0.00,,4140.00,No encontrado
feed,sodium_formiate,0.00,0.00,0.00,,0.00,0.00,0.00,0.00,0.00,0.00,0.00,100.00,0.00,0.00,0.00,0.00,0.00,0.00,0.00,0.00,0.00,0.00,,4140.00,No encontrado
feed,ammonium_formiate,0.00,0.00,135.50,,0.00,0.00,0.00,0.00,0.00,0.00,0.00,100.00,0.00,135.50,0.00,0.00,0.00,0.00,0.00,0.00,0.00,0.00,,6172.50,No encontrado
feed,potasium_diformiate,0.00,0.00,0.00,,0.00,0.00,0.00,0.00,0.00,0.00,0.00,100.00,0.00,0.00,0.00,0.00,0.00,0.00,0.00,0.00,0.00,0.00,,4140.00,No encontrado
feed,calcium_formiate,0.00,0.00,0.00,,0.00,0.00,0.00,0.00,0.00,0.00,0.00,100.00,0.00,0.00,0.00,0.00,0.00,0.00,0.00,0.00,0.00,0.00,,4140.00,No encontrado
feed,sodium_propionate,0.00,0.00,0.00,,0.00,0.00,0.00,0.00,0.00,0.00,0.00,100.00,0.00,0.00,0.00,0.00,0.00,0.00,0.00,0.00,0.00,0.00,,4140.00,No encontrado
feed,ammonium_propionate,0.00,0.00,96.15,,0.00,0.00,0.00,0.00,0.00,0.00,0.00,100.00,0.00,96.15,0.00,0.00,0.00,0.00,0.00,0.00,0.00,0.00,,5582.25,No encontrado
feed,calcium_propionate,0.00,0.00,0.00,,0.00,0.00,0.00,0.00,0.00,0.00,0.00,100.00,0.00,0.00,0.00,0.00,0.00,0.00,0.00,0.00,0.00,0.00,,4140.00,No encontrado
feed,sodium_butyrate,0.00,0.00,0.00,,0.00,0.00,0.00,0.00,0.00,0.00,0.00,100.00,0.00,0.00,0.00,0.00,0.00,0.00,0.00,0.00,0.00,0.00,0.00,4140.00,sodium_butyrate
feed,calcium_butyrate,0.00,0.00,0.00,,0.00,0.00,0.00,0.00,0.00,0.00,0.00,100.00,0.00,0.00,0.00,0.00,0.00,0.00,0.00,0.00,0.00,0.00,,4140.00,No encontrado
feed,choline_chloride_75,25.00,0.00,0.00,,0.00,0.00,0.00,0.00,0.00,0.00,0.00,75.00,0.00,0.00,0.00,0.00,0.00,0.00,0.00,0.00,0.00,0.00,,4140.00,No encontrado
feed,choline_chloride_60,2.00,0.00,0.00,,0.00,0.00,0.00,0.00,0.00,0.00,0.00,98.00,0.00,0.00,0.00,0.00,0.00,0.00,0.00,0.00,0.00,0.00,,4140.00,No encontrado
feed,choline_chloride_50_vegetable,2.50,0.00,0.00,,0.00,0.00,0.00,0.00,0.00,0.00,0.00,97.50,0.00,0.00,0.00,0.00,0.00,0.00,0.00,0.00,0.00,0.00,,4140.00,No encontrado
feed,choline_chloride_50_mineral,12.00,0.00,0.00,,0.00,0.00,0.00,0.00,0.00,0.00,0.00,88.00,0.00,0.00,0.00,0.00,0.00,0.00,0.00,0.00,0.00,0.00,,4140.00,No encontrado
feed,betaine_anhydrous_97,1.50,0.00,0.00,,0.00,0.00,0.00,0.00,0.00,0.00,0.00,98.50,0.00,0.00,0.00,0.00,0.00,0.00,0.00,0.00,0.00,0.00,,4140.00,No encontrado
feed,betaine_anhydrous_93,1.50,0.00,0.00,,0.00,0.00,0.00,0.00,0.00,0.00,0.00,98.50,0.00,0.00,0.00,0.00,0.00,0.00,0.00,0.00,0.00,0.00,,4140.00,No encontrado
feed,betaine_hydrocloride,2.00,0.00,0.00,,0.00,0.00,0.00,0.00,0.00,0.00,0.00,98.00,0.00,0.00,0.00,0.00,0.00,0.00,0.00,0.00,0.00,0.00,,4140.00,No encontrado
feed,copper_sulphate_pentahydrate,0.00,0.00,0.00,,0.00,0.00,0.00,0.00,0.00,0.00,0.00,100.00,0.00,0.00,0.00,0.00,0.00,0.00,0.00,0.00,0.00,0.00,,4140.00,No encontrado
feed,copper_oxide_ii,0.20,0.00,0.00,,0.00,0.00,0.00,0.00,0.00,0.00,0.00,99.80,0.00,0.00,0.00,0.00,0.00,0.00,0.00,0.00,0.00,0.00,,4140.00,No encontrado
feed,dichloro_trihydroxychloride_tbcc,2.00,0.00,0.00,,0.00,0.00,0.00,0.00,0.00,0.00,0.00,98.00,0.00,0.00,0.00,0.00,0.00,0.00,0.00,0.00,0.00,0.00,,4140.00,No encontrado
feed,zinc_hydroxy_chlorur_monohydrate,0.00,0.00,0.00,,0.00,0.00,0.00,0.00,0.00,0.00,0.00,100.00,0.00,0.00,0.00,0.00,0.00,0.00,0.00,0.00,0.00,0.00,,4140.00,No encontrado
feed,zinc_sulfate_monohydrated,1.00,0.00,0.00,,0.00,0.00,0.00,0.00,0.00,0.00,0.00,99.00,0.00,0.00,0.00,0.00,0.00,0.00,0.00,0.00,0.00,0.00,,4140.00,No encontrado
feed,zinc_sulfate_pentahydrated,0.00,0.00,0.00,,0.00,0.00,0.00,0.00,0.00,0.00,0.00,100.00,0.00,0.00,0.00,0.00,0.00,0.00,0.00,0.00,0.00,0.00,,4140.00,No encontrado
feed,zinc_oxide_72,0.50,0.00,0.00,,0.00,0.00,0.00,0.00,0.00,0.00,0.00,99.50,0.00,0.00,0.00,0.00,0.00,0.00,0.00,0.00,0.00,0.00,,4140.00,No encontrado
feed,zinc_oxide_75,0.50,0.00,0.00,,0.00,0.00,0.00,0.00,0.00,0.00,0.00,99.50,0.00,0.00,0.00,0.00,0.00,0.00,0.00,0.00,0.00,0.00,,4140.00,No encontrado
feed,iron_sulfate_ii_monohydrated,0.00,0.00,0.00,,0.00,0.00,0.00,0.00,0.00,0.00,0.00,100.00,0.00,0.00,0.00,0.00,0.00,0.00,0.00,0.00,0.00,0.00,,4140.00,No encontrado
feed,iron_sulfate_ii_heptahydrated,0.00,0.00,0.00,,0.00,0.00,0.00,0.00,0.00,0.00,0.00,100.00,0.00,0.00,0.00,0.00,0.00,0.00,0.00,0.00,0.00,0.00,,4140.00,No encontrado
feed,iron_carbonate_ii_siderita,0.50,0.00,0.00,,0.00,0.00,0.00,0.00,0.00,0.00,0.00,99.50,0.00,0.00,0.00,0.00,0.00,0.00,0.00,0.00,0.00,0.00,,4140.00,No encontrado
feed,manganose_sulfate_monohydrated,0.50,0.00,0.00,,0.00,0.00,0.00,0.00,0.00,0.00,0.00,99.50,0.00,0.00,0.00,0.00,0.00,0.00,0.00,0.00,0.00,0.00,,4140.00,No encontrado
feed,manganese_oxide_ii,0.50,0.00,0.00,,0.00,0.00,0.00,0.00,0.00,0.00,0.00,99.50,0.00,0.00,0.00,0.00,0.00,0.00,0.00,0.00,0.00,0.00,,4140.00,No encontrado
feed,dimanganese_trihydroxychlorur,0.00,0.00,0.00,,0.00,0.00,0.00,0.00,0.00,0.00,0.00,100.00,0.00,0.00,0.00,0.00,0.00,0.00,0.00,0.00,0.00,0.00,,4140.00,No encontrado
feed,potaisum_iodine,0.00,0.00,0.00,,0.00,0.00,0.00,0.00,0.00,0.00,0.00,100.00,0.00,0.00,0.00,0.00,0.00,0.00,0.00,0.00,0.00,0.00,,4140.00,No encontrado
feed,calcium_iodate_anhydrous,0.00,0.00,0.00,,0.00,0.00,0.00,0.00,0.00,0.00,0.00,100.00,0.00,0.00,0.00,0.00,0.00,0.00,0.00,0.00,0.00,0.00,,4140.00,No encontrado
feed,cobalt_ii_acetate_tetrahydrate,0.00,0.00,0.00,,0.00,0.00,0.00,0.00,0.00,0.00,0.00,100.00,0.00,0.00,0.00,0.00,0.00,0.00,0.00,0.00,0.00,0.00,,4140.00,No encontrado
feed,cobalt_ii_carbonate,0.00,0.00,0.00,,0.00,0.00,0.00,0.00,0.00,0.00,0.00,100.00,0.00,0.00,0.00,0.00,0.00,0.00,0.00,0.00,0.00,0.00,,4140.00,No encontrado
feed,coated_granulated_cobalt_ii_carbonate,0.00,0.00,0.00,,0.00,0.00,0.00,0.00,0.00,0.00,0.00,100.00,0.00,0.00,0.00,0.00,0.00,0.00,0.00,0.00,0.00,0.00,,4140.00,No encontrado
feed,sodium_selenite,0.00,0.00,0.00,,0.00,0.00,0.00,0.00,0.00,0.00,0.00,100.00,0.00,0.00,0.00,0.00,0.00,0.00,0.00,0.00,0.00,0.00,,4140.00,No encontrado
feed,sodium_molybdate,0.00,0.00,0.00,,0.00,0.00,0.00,0.00,0.00,0.00,0.00,100.00,0.00,0.00,0.00,0.00,0.00,0.00,0.00,0.00,0.00,0.00,,4140.00,No encontrado
forage,alfalfa_hay_excellent,11.10,10.20,18.80,27.50,2.34,0.00,35.50,2.36,1.47,1.48,0.00,88.90,11.47,21.15,30.93,2.63,0.00,39.93,2.65,1.65,1.66,0.00,,4099.78,No encontrado
forage,alfalfa_hay_first,9.10,10.10,17.60,32.80,2.11,0.00,42.90,2.20,1.40,1.34,0.00,90.90,11.11,19.36,36.08,2.32,0.00,47.19,2.42,1.54,1.47,0.00,58.40,4071.53,alfalfa_hay_first
forage,alfalfa_hay_second,9.60,10.10,15.90,35.70,2.00,0.00,49.10,2.07,1.29,1.22,0.00,90.40,11.17,17.59,39.49,2.21,0.00,54.31,2.29,1.43,1.35,0.00,57.00,4036.13,No encontrado
forage,alfalfa_hay_third,10.00,9.98,14.10,39.70,1.86,0.00,56.00,1.94,1.17,1.10,0.00,90.00,11.09,15.67,44.11,2.07,0.00,62.22,2.16,1.30,1.22,0.00,,4002.82,No encontrado
forage,alfalfa_hay_fourth,9.30,10.80,13.40,43.70,1.50,0.00,61.70,1.84,1.09,1.00,0.00,90.70,11.91,14.77,48.18,1.65,0.00,68.03,2.03,1.20,1.10,0.00,,3930.30,No encontrado
forage,ryegrass_hay_excellent,8.10,12.00,20.50,27.20,1.87,0.00,41.90,2.26,1.45,1.39,0.00,91.90,13.06,22.31,29.60,2.03,0.00,45.59,2.46,1.58,1.51,0.00,,4014.02,No encontrado
forage,ryegrass_hay_first,9.50,12.60,18.70,29.70,2.27,0.00,48.10,2.21,1.41,1.35,0.00,90.50,13.92,20.66,32.82,2.51,0.00,53.15,2.44,1.56,1.49,0.00,,3977.81,No encontrado
forage,ryegrass_hay_second,10.90,10.50,14.70,32.60,2.08,0.00,52.70,2.20,1.40,1.33,0.00,89.10,11.78,16.50,36.59,2.33,0.00,59.15,2.47,1.57,1.49,0.00,60.00,3999.69,ryegrass_hay_second
forage,ryegrass_hay_third,10.90,8.40,10.50,35.80,1.97,0.00,57.90,2.15,1.36,1.29,0.00,89.10,9.43,11.78,40.18,2.21,0.00,64.98,2.41,1.53,1.45,0.00,60.00,4025.77,ryegrass_hay_third
forage,ryegrass_hay_fourth,11.30,8.70,10.60,38.30,2.18,0.00,63.40,2.08,1.29,1.22,0.00,88.70,9.81,11.95,43.18,2.46,0.00,71.48,2.34,1.45,1.38,0.00,61.70,4025.32,ryegrass_hay_fourth
forage,ryegrass_hay_fifth,10.90,9.20,9.40,47.50,1.48,0.00,70.60,1.92,1.16,1.08,0.00,89.10,10.33,10.55,53.31,1.66,0.00,79.24,2.15,1.30,1.21,0.00,,3936.95,No encontrado
forage,vetch_hay_excellent,10.80,9.14,16.60,27.80,0.00,0.00,36.40,2.40,1.49,1.52,0.00,89.20,10.25,18.61,31.17,0.00,0.00,40.81,2.69,1.67,1.70,0.00,,3968.30,No encontrado
forage,vetch_hay_first,10.70,8.21,14.70,31.70,0.00,0.00,42.80,2.34,1.45,1.47,0.00,89.30,9.19,16.46,35.50,0.00,0.00,47.93,2.62,1.62,1.65,0.00,,3982.40,No encontrado
forage,vetch_hay_second,10.90,8.10,11.10,35.70,0.00,0.00,49.80,2.18,1.38,1.32,0.00,89.10,9.09,12.46,40.07,0.00,0.00,55.89,2.45,1.55,1.48,0.00,,3926.87,No encontrado
forage,vetch_hay_third,9.40,6.57,9.86,38.60,0.00,0.00,57.70,2.13,1.34,1.27,0.00,90.60,7.25,10.88,42.60,0.00,0.00,63.69,2.35,1.48,1.40,0.00,60.90,3984.17,vetch_hay_third
forage,corn_silage_lt20,,,,,,,,,,,,100.00,7.28,8.78,40.30,4.54,0.00,54.80,2.19,1.36,1.33,0.00,,4205.62,No encontrado
forage,corn_silage_20_25,,,,,,,,,,,,100.00,6.31,8.41,33.30,4.35,0.00,54.20,2.15,1.36,1.29,0.00,,4232.11,No encontrado
forage,corn_silage_25_30,,,,,,,,,,,,100.00,4.51,7.68,29.10,4.40,0.00,56.10,2.46,1.54,1.57,0.00,67.70,4303.16,corn_silage_25_30
forage,corn_silage_30_35,,,,,,,,,,,,100.00,4.18,7.13,26.80,4.20,0.00,57.60,2.26,1.40,1.39,0.00,,4298.23,No encontrado
forage,corn_silage_gt35,,,,,,,,,,,,100.00,4.01,6.95,25.30,3.76,0.00,52.90,2.43,1.50,1.54,0.00,,4278.37,No encontrado
forage,sorghum_silage_lt20,,,,,,,,,,,,100.00,8.70,11.20,39.70,2.93,0.00,54.10,2.24,1.38,1.37,0.00,,4089.28,No encontrado
forage,sorghum_silage_20_25,,,,,,,,,,,,100.00,8.74,8.79,40.70,2.95,0.00,54.70,2.22,1.36,1.36,0.00,,4052.49,No encontrado
forage,sorghum_silage_25_30,,,,,,,,,,,,100.00,8.07,8.37,37.50,2.65,0.00,56.10,2.15,1.36,1.29,0.00,55.40,4058.87,sorghum_silage_25_30
forage,sorghum_silage_30_35,,,,,,,,,,,,100.00,11.00,8.25,37.40,2.90,0.00,61.40,2.21,1.38,1.35,0.00,,3942.15,No encontrado
forage,sorghum_silage_gt35,,,,,,,,,,,,100.00,10.60,8.25,35.20,2.54,0.00,58.90,2.27,1.41,1.40,0.00,,3939.59,No encontrado
forage,oat_silage_20_25,,,,,,,,,,,,100.00,9.58,10.10,41.30,4.10,0.00,58.00,2.22,1.38,1.35,0.00,,4099.58,No encontrado
forage,oat_silage_25_30,,,,,,,,,,,,100.00,9.07,8.91,38.80,3.60,0.00,58.60,2.22,1.36,1.36,0.00,60.90,4076.17,oat_silage_25_30
forage,oat_silage_30_35,,,,,,,,,,,,100.00,7.57,8.32,35.90,3.40,0.00,40.50,2.52,1.57,1.62,0.00,,4122.12,No encontrado
forage,oat_silage_gt35,,,,,,,,,,,,100.00,7.17,8.66,36.10,3.10,0.00,46.00,2.34,1.45,1.47,0.00,,4128.02,No encontrado
forage,barley_silage_lt20,,,,,,,,,,,,100.00,12.20,14.00,27.40,2.90,0.00,52.10,2.17,1.37,1.31,0.00,,3975.60,No encontrado
forage,barley_silage_20_25,,,,,,,,,,,,100.00,9.16,10.60,38.40,4.52,0.00,59.30,2.05,1.27,1.20,0.00,,4149.08,No encontrado
forage,barley_silage_25_30,,,,,,,,,,,,100.00,8.55,12.70,30.00,3.47,0.00,65.20,1.83,1.07,0.98,0.00,61.10,4148.62,barley_silage_25_30
forage,barley_silage_30_35,,,,,,,,,,,,100.00,7.58,9.57,32.00,3.34,0.00,41.10,2.60,1.63,1.69,0.00,,4137.07,No encontrado
forage,barley_silage_gt35,,,,,,,,,,,,100.00,7.76,9.29,31.30,2.71,0.00,46.70,2.37,1.47,1.49,0.00,,4089.67,No encontrado
forage,wheat_silage_lt20,,,,,,,,,,,,100.00,8.37,10.80,36.30,7.66,0.00,52.50,2.24,1.39,1.38,0.00,,4362.68,No encontrado
forage,wheat_silage_20_25,,,,,,,,,,,,100.00,8.70,9.90,38.60,5.00,0.00,59.00,2.11,1.32,1.25,0.00,,4185.70,No encontrado
forage,wheat_silage_25_30,,,,,,,,,,,,100.00,8.39,9.14,31.30,3.97,0.00,64.80,2.03,1.25,1.18,0.00,55.00,4130.26,wheat_silage_25_30
forage,wheat_silage_30_35,,,,,,,,,,,,100.00,6.43,9.31,34.30,3.41,0.00,39.20,2.25,1.45,1.39,0.00,,4187.69,No encontrado
forage,wheat_silage_gt35,,,,,,,,,,,,100.00,6.62,8.40,34.20,2.63,0.00,45.50,2.21,1.41,1.35,0.00,,4122.00,No encontrado
forage,triticale_silage_lt20,,,,,,,,,,,,100.00,10.30,13.90,37.80,2.87,0.00,51.80,2.15,1.35,1.29,0.00,,4056.02,No encontrado
forage,triticale_silage_20_25,,,,,,,,,,,,100.00,9.49,11.30,39.10,4.42,0.00,57.90,2.08,1.29,1.23,0.00,,4139.46,No encontrado
forage,triticale_silage_25_30,,,,,,,,,,,,100.00,8.90,10.40,37.40,5.21,0.00,63.70,1.94,1.17,1.10,0.00,56.00,4196.16,triticale_silage_25_30
forage,triticale_silage_30_35,,,,,,,,,,,,100.00,8.11,10.40,36.60,3.96,0.00,68.70,1.77,1.02,0.93,0.00,,4160.92,No encontrado
forage,triticale_silage_gt35,,,,,,,,,,,,100.00,6.07,8.58,36.40,2.98,0.00,50.00,2.14,1.36,1.28,0.00,,4168.50,No encontrado
forage,ryegrass_fresh_excellent,,,,,,,,,,,,100.00,12.40,19.70,22.60,3.99,0.00,41.50,2.45,1.52,1.56,0.00,,4113.34,No encontrado
forage,ryegrass_fresh_first,,,,,,,,,,,,100.00,12.80,14.40,27.80,3.23,0.00,40.40,2.69,1.69,1.77,0.00,62.70,3973.68,ryegrass_fresh_first
forage,ryegrass_fresh_second,,,,,,,,,,,,100.00,13.20,12.00,31.30,2.56,0.00,41.90,2.70,1.71,1.78,0.00,65.70,3882.56,ryegrass_fresh_second
forage,ryegrass_fresh_third,,,,,,,,,,,,100.00,12.40,10.40,35.30,2.29,0.00,0.00,0.00,0.00,0.00,0.00,60.00,3878.64,ryegrass_fresh_third
forage,ryegrass_fresh_fourth,,,,,,,,,,,,100.00,14.40,8.00,38.00,2.33,0.00,0.00,0.00,0.00,0.00,0.00,60.00,3756.88,ryegrass_fresh_fourth
forage,ryegrass_silage_excellent,,,,,,,,,,,,100.00,12.20,18.60,23.60,6.80,0.00,0.00,0.00,0.00,0.00,0.00,,4263.00,No encontrado
forage,ryegrass_silage_first,,,,,,,,,,,,100.00,11.90,15.80,27.80,3.37,0.00,0.00,0.00,0.00,0.00,0.00,,4042.12,No encontrado
forage,ryegrass_silage_second,,,,,,,,,,,,100.00,11.10,12.70,31.90,3.00,0.00,52.50,0.00,0.00,0.00,0.00,70.00,4010.10,ryegrass_silage_second
forage,ryegrass_silage_third,,,,,,,,,,,,100.00,11.40,11.70,36.20,2.20,0.00,0.00,0.00,0.00,0.00,0.00,,3937.10,No encontrado
forage,ryegrass_silage_fourth,,,,,,,,,,,,100.00,10.20,10.70,40.70,2.76,0.00,0.00,0.00,0.00,0.00,0.00,,4006.26,No encontrado
forage,grass_silage_excellent,,,,,,,,,,,,100.00,15.50,18.60,27.10,2.80,0.00,0.00,0.00,0.00,0.00,0.00,,3893.80,No encontrado
forage,grass_silage_first,,,,,,,,,,,,100.00,11.40,15.90,30.00,2.70,0.00,0.00,0.00,0.00,0.00,0.00,,4028.10,No encontrado
forage,grass_silage_second,,,,,,,,,,,,100.00,10.50,14.40,34.00,2.70,0.00,0.00,0.00,0.00,0.00,0.00,,4045.20,No encontrado
forage,grass_silage_third,,,,,,,,,,,,100.00,9.80,13.10,38.10,2.60,0.00,0.00,0.00,0.00,0.00,0.00,66.00,4050.90,grass_silage_third
forage,grass_silage_fourth,,,,,,,,,,,,100.00,9.10,10.70,41.80,2.60,0.00,0.00,0.00,0.00,0.00,0.00,,4045.70,No encontrado
forage,grass_silage_fifth,,,,,,,,,,,,100.00,11.40,9.50,48.60,2.50,0.00,0.00,0.00,0.00,0.00,0.00,,3920.90,No encontrado
forage,rapeseed_silage,,,,,,,,,,,,100.00,13.20,12.80,43.40,4.35,0.00,0.00,0.00,0.00,0.00,0.00,,3994.80,No encontrado
forage,sunflower_silage_lt20,,,,,,,,,,,,100.00,10.40,11.20,36.90,6.80,0.00,0.00,0.00,0.00,0.00,0.00,,4231.20,No encontrado
forage,sunflower_silage_20_25,,,,,,,,,,,,100.00,9.33,10.50,36.90,11.60,0.00,0.00,0.00,0.00,0.00,0.00,,4536.58,No encontrado
forage,sunflower_silage_gt25,,,,,,,,,,,,100.00,9.20,10.30,36.10,13.20,0.00,0.00,0.00,0.00,0.00,0.00,,4628.90,No encontrado
feed,mycotoxin_adsorbent,0,0.00,0.00,,0.00,0.00,0.00,0.00,0.00,0.00,0.00,100.00,0.00,0.00,0.00,0.00,0.00,0.00,0.00,0.00,0.00,0.00,0.00,4140.00,mycotoxin_adsorbent
forage,cereals_silage_wheat_barley_oat_triticale,,,,,,,,,,,,100.00,8.70,10.00,0.00,4.10,0.00,56.50,0.00,1412.50,1395.00,0.00,58.00,4136.80,cereals_silage_wheat_barley_oat_triticale
forage,alfalfa_silage,,,,,,,,,,,,100.00,0.00,20.00,0.00,0.00,0.00,40.00,0.00,1200.00,1290.00,0.00,71.90,4440.00,alfalfa_silage
milk,cow_breast_milk,5.00,7.56,33.15,,3.93,0.00,0.00,0.00,2103.00,2222.00,0.00,95.00,7.96,34.89,0.00,4.14,0.00,0.00,0.00,2213.68,2338.95,0.00,98.00,4544.94,cow_breast_milk
milk,sheep_breast_milk,82.00,0.00,5.87,,0.00,0.00,0.00,0.00,490.00,483.00,217.00,18.00,0.00,32.61,0.00,0.00,0.00,0.00,0.00,2722.22,2683.33,1205.56,95.00,4629.17,sheep_breast_milk
milk,goat_breast_milk,87.10,0.62,3.28,,5.07,0.00,0.00,0.00,398.60,397.00,179.60,12.90,4.81,25.43,0.00,39.30,0.00,0.00,0.00,3089.92,3077.52,1392.25,95.00,6510.85,goat_breast_milk
milk_replacer,milk_replacer,4.10,9.10,22.08,,16.90,0.00,0.42,0.00,0.00,2356.00,0.00,95.90,9.49,23.02,0.00,17.62,0.00,0.44,0.00,0.00,2456.73,0.00,84.20,5054.70,milk_replacer
feed,aroma,0.00,0.00,0.00,,0.00,0.00,0.00,0.00,0.00,0.00,0.00,100.00,0.00,0.00,0.00,0.00,0.00,0.00,0.00,0.00,0.00,0.00,0.00,4140.00,aroma
feed,Vitamin/mineral_supplement,0.00,0.00,0.00,,0.00,0.00,0.00,0.00,0.00,0.00,0.00,100.00,0.00,0.00,0.00,0.00,0.00,0.00,0.00,0.00,0.00,0.00,0.00,4140.00,Vitamin/mineral_supplement
feed,potassium_carbonate,0.00,0.00,0.00,,0.00,0.00,0.00,0.00,0.00,0.00,0.00,100.00,0.00,0.00,0.00,0.00,0.00,0.00,0.00,0.00,0.00,0.00,0.00,4140.00,potassium_carbonate
